{
  "project_info": {
    "project_number": "37235746791",
    "project_id": "pds3-f8721",
    "storage_bucket": "pds3-f8721.firebasestorage.app"
  },
  "client": [
    {
      "client_info": {
        "mobilesdk_app_id": "1:37235746791:android:997f9f610d51d049ddff42",
        "android_client_info": {
          "package_name": "build.gradle.kts"
        }
      },
      "oauth_client": [],
      "api_key": [
        {
          "current_key": "AIzaSyA_rzA3xNe-nxSB6ehf_o0lgrokHtOwasg"
        }
      ],
      "services": {
        "appinvite_service": {
          "other_platform_oauth_client": []
        }
      }
    }
  ],
  "configuration_version": "1"
}